0,5,0,0,0,0
5,15,1,1,1,1
15,25,2,2,2,2
25,50,4,4,4,4
50,75,6,6,6,6
75,100,9,9,9,9
100,125,11,11,11,11
125,150,14,14,14,14
150,175,16,16,16,16
175,200,19,19,19,19
200,225,21,21,21,21
225,250,24,24,24,24
250,275,26,26,26,26
275,300,29,29,29,29
300,325,31,31,31,31
325,350,34,34,34,34
350,375,36,36,36,36
375,400,39,39,39,39
400,425,41,41,41,41
425,450,44,44,44,44
450,475,46,46,46,46
475,500,49,49,49,49
500,525,51,51,51,51
525,550,54,54,54,54
550,575,56,56,56,56
575,600,59,59,59,59
600,625,61,61,61,61
625,650,64,64,64,64
650,675,66,66,66,66
675,700,69,69,69,69
700,725,71,71,71,71
725,750,74,74,74,74
750,775,76,76,76,76
775,800,79,79,79,79
800,825,81,81,81,81
825,850,84,84,84,84
850,875,86,86,86,86
875,900,89,89,89,89
900,925,91,91,91,91
925,950,94,94,94,94
950,975,96,96,96,96
975,1000,99,99,99,99
1000,1025,101,101,101,101
1025,1050,104,104,104,104
1050,1075,106,106,106,106
1075,1100,109,109,109,109
1100,1125,111,111,111,111
1125,1150,114,114,114,114
1150,1175,116,116,116,116
1175,1200,119,119,119,119
1200,1225,121,121,121,121
1225,1250,124,124,124,124
1250,1275,126,126,126,126
1275,1300,129,129,129,129
1300,1325,131,131,131,131
1325,1350,134,134,134,134
1350,1375,136,136,136,136
1375,1400,139,139,139,139
1400,1425,141,141,141,141
1425,1450,144,144,144,144
1450,1475,146,146,146,146
1475,1500,149,149,149,149
1500,1525,151,151,151,151
1525,1550,154,154,154,154
1550,1575,156,156,156,156
1575,1600,159,159,159,159
1600,1625,161,161,161,161
1625,1650,164,164,164,164
1650,1675,166,166,166,166
1675,1700,169,169,169,169
1700,1725,171,171,171,171
1725,1750,174,174,174,174
1750,1775,176,176,176,176
1775,1800,179,179,179,179
1800,1825,181,181,181,181
1825,1850,184,184,184,184
1850,1875,186,186,186,186
1875,1900,189,189,189,189
1900,1925,191,191,191,191
1925,1950,194,194,194,194
1950,1975,196,196,196,196
1975,2000,199,199,199,199
2000,2025,201,201,201,201
2025,2050,204,204,204,204
2050,2075,206,206,206,206
2075,2100,209,209,209,209
2100,2125,211,211,211,211
2125,2150,214,214,214,214
2150,2175,216,216,216,216
2175,2200,219,219,219,219
2200,2225,221,221,221,221
2225,2250,224,224,224,224
2250,2275,226,226,226,226
2275,2300,229,229,229,229
2300,2325,231,231,231,231
2325,2350,234,234,234,234
2350,2375,236,236,236,236
2375,2400,239,239,239,239
2400,2425,241,241,241,241
2425,2450,244,244,244,244
2450,2475,246,246,246,246
2475,2500,249,249,249,249
2500,2525,251,251,251,251
2525,2550,254,254,254,254
2550,2575,256,256,256,256
2575,2600,259,259,259,259
2600,2625,261,261,261,261
2625,2650,264,264,264,264
2650,2675,266,266,266,266
2675,2700,269,269,269,269
2700,2725,271,271,271,271
2725,2750,274,274,274,274
2750,2775,276,276,276,276
2775,2800,279,279,279,279
2800,2825,281,281,281,281
2825,2850,284,284,284,284
2850,2875,286,286,286,286
2875,2900,289,289,289,289
2900,2925,291,291,291,291
2925,2950,294,294,294,294
2950,2975,296,296,296,296
2975,3000,299,299,299,299
3000,3050,303,303,303,303
3050,3100,308,308,308,308
3100,3150,313,313,313,313
3150,3200,318,318,318,318
3200,3250,323,323,323,323
3250,3300,328,328,328,328
3300,3350,333,333,333,333
3350,3400,338,338,338,338
3400,3450,343,343,343,343
3450,3500,348,348,348,348
3500,3550,353,353,353,353
3550,3600,358,358,358,358
3600,3650,363,363,363,363
3650,3700,368,368,368,368
3700,3750,373,373,373,373
3750,3800,378,378,378,378
3800,3850,383,383,383,383
3850,3900,388,388,388,388
3900,3950,393,393,393,393
3950,4000,398,398,398,398
4000,4050,403,403,403,403
4050,4100,408,408,408,408
4100,4150,413,413,413,413
4150,4200,418,418,418,418
4200,4250,423,423,423,423
4250,4300,428,428,428,428
4300,4350,433,433,433,433
4350,4400,438,438,438,438
4400,4450,443,443,443,443
4450,4500,448,448,448,448
4500,4550,453,453,453,453
4550,4600,458,458,458,458
4600,4650,463,463,463,463
4650,4700,468,468,468,468
4700,4750,473,473,473,473
4750,4800,478,478,478,478
4800,4850,483,483,483,483
4850,4900,488,488,488,488
4900,4950,493,493,493,493
4950,5000,498,498,498,498
5000,5050,503,503,503,503
5050,5100,508,508,508,508
5100,5150,513,513,513,513
5150,5200,518,518,518,518
5200,5250,523,523,523,523
5250,5300,528,528,528,528
5300,5350,533,533,533,533
5350,5400,538,538,538,538
5400,5450,543,543,543,543
5450,5500,548,548,548,548
5500,5550,553,553,553,553
5550,5600,558,558,558,558
5600,5650,563,563,563,563
5650,5700,568,568,568,568
5700,5750,573,573,573,573
5750,5800,578,578,578,578
5800,5850,583,583,583,583
5850,5900,588,588,588,588
5900,5950,593,593,593,593
5950,6000,598,598,598,598
6000,6050,603,603,603,603
6050,6100,608,608,608,608
6100,6150,613,613,613,613
6150,6200,618,618,618,618
6200,6250,623,623,623,623
6250,6300,628,628,628,628
6300,6350,633,633,633,633
6350,6400,638,638,638,638
6400,6450,643,643,643,643
6450,6500,648,648,648,648
6500,6550,653,653,653,653
6550,6600,658,658,658,658
6600,6650,663,663,663,663
6650,6700,668,668,668,668
6700,6750,673,673,673,673
6750,6800,678,678,678,678
6800,6850,683,683,683,683
6850,6900,688,688,688,688
6900,6950,693,693,693,693
6950,7000,698,698,698,698
7000,7050,703,703,703,703
7050,7100,708,708,708,708
7100,7150,713,713,713,713
7150,7200,718,718,718,718
7200,7250,723,723,723,723
7250,7300,728,728,728,728
7300,7350,733,733,733,733
7350,7400,738,738,738,738
7400,7450,743,743,743,743
7450,7500,748,748,748,748
7500,7550,753,753,753,753
7550,7600,758,758,758,758
7600,7650,763,763,763,763
7650,7700,768,768,768,768
7700,7750,773,773,773,773
7750,7800,778,778,778,778
7800,7850,783,783,783,783
7850,7900,788,788,788,788
7900,7950,793,793,793,793
7950,8000,798,798,798,798
8000,8050,803,803,803,803
8050,8100,808,808,808,808
8100,8150,813,813,813,813
8150,8200,818,818,818,818
8200,8250,823,823,823,823
8250,8300,828,828,828,828
8300,8350,833,833,833,833
8350,8400,838,838,838,838
8400,8450,843,843,843,843
8450,8500,848,848,848,848
8500,8550,853,853,853,853
8550,8600,858,858,858,858
8600,8650,863,863,863,863
8650,8700,868,868,868,868
8700,8750,873,873,873,873
8750,8800,878,878,878,878
8800,8850,883,883,883,883
8850,8900,888,888,888,888
8900,8950,893,893,893,893
8950,9000,898,898,898,898
9000,9050,903,903,903,903
9050,9100,908,908,908,908
9100,9150,913,913,913,913
9150,9200,918,918,918,918
9200,9250,923,923,923,923
9250,9300,928,928,928,928
9300,9350,935,933,935,933
9350,9400,943,938,943,938
9400,9450,950,943,950,943
9450,9500,958,948,958,948
9500,9550,965,953,965,953
9550,9600,973,958,973,958
9600,9650,980,963,980,963
9650,9700,988,968,988,968
9700,9750,995,973,995,973
9750,9800,1003,978,1003,978
9800,9850,1010,983,1010,983
9850,9900,1018,988,1018,988
9900,9950,1025,993,1025,993
9950,10000,1033,998,1033,998
10000,10050,1040,1003,1040,1003
10050,10100,1048,1008,1048,1008
10100,10150,1055,1013,1055,1013
10150,10200,1063,1018,1063,1018
10200,10250,1070,1023,1070,1023
10250,10300,1078,1028,1078,1028
10300,10350,1085,1033,1085,1033
10350,10400,1093,1038,1093,1038
10400,10450,1100,1043,1100,1043
10450,10500,1108,1048,1108,1048
10500,10550,1115,1053,1115,1053
10550,10600,1123,1058,1123,1058
10600,10650,1130,1063,1130,1063
10650,10700,1138,1068,1138,1068
10700,10750,1145,1073,1145,1073
10750,10800,1153,1078,1153,1078
10800,10850,1160,1083,1160,1083
10850,10900,1168,1088,1168,1088
10900,10950,1175,1093,1175,1093
10950,11000,1183,1098,1183,1098
11000,11050,1190,1103,1190,1103
11050,11100,1198,1108,1198,1108
11100,11150,1205,1113,1205,1113
11150,11200,1213,1118,1213,1118
11200,11250,1220,1123,1220,1123
11250,11300,1228,1128,1228,1128
11300,11350,1235,1133,1235,1133
11350,11400,1243,1138,1243,1138
11400,11450,1250,1143,1250,1143
11450,11500,1258,1148,1258,1148
11500,11550,1265,1153,1265,1153
11550,11600,1273,1158,1273,1158
11600,11650,1280,1163,1280,1163
11650,11700,1288,1168,1288,1168
11700,11750,1295,1173,1295,1173
11750,11800,1303,1178,1303,1178
11800,11850,1310,1183,1310,1183
11850,11900,1318,1188,1318,1188
11900,11950,1325,1193,1325,1193
11950,12000,1333,1198,1333,1198
12000,12050,1340,1203,1340,1203
12050,12100,1348,1208,1348,1208
12100,12150,1355,1213,1355,1213
12150,12200,1363,1218,1363,1218
12200,12250,1370,1223,1370,1223
12250,12300,1378,1228,1378,1228
12300,12350,1385,1233,1385,1233
12350,12400,1393,1238,1393,1238
12400,12450,1400,1243,1400,1243
12450,12500,1408,1248,1408,1248
12500,12550,1415,1253,1415,1253
12550,12600,1423,1258,1423,1258
12600,12650,1430,1263,1430,1263
12650,12700,1438,1268,1438,1268
12700,12750,1445,1273,1445,1273
12750,12800,1453,1278,1453,1278
12800,12850,1460,1283,1460,1283
12850,12900,1468,1288,1468,1288
12900,12950,1475,1293,1475,1293
12950,13000,1483,1298,1483,1298
13000,13050,1490,1303,1490,1303
13050,13100,1498,1308,1498,1308
13100,13150,1505,1313,1505,1313
13150,13200,1513,1318,1513,1318
13200,13250,1520,1323,1520,1323
13250,13300,1528,1328,1528,1329
13300,13350,1535,1333,1535,1336
13350,13400,1543,1338,1543,1344
13400,13450,1550,1343,1550,1351
13450,13500,1558,1348,1558,1359
13500,13550,1565,1353,1565,1366
13550,13600,1573,1358,1573,1374
13600,13650,1580,1363,1580,1381
13650,13700,1588,1368,1588,1389
13700,13750,1595,1373,1595,1396
13750,13800,1603,1378,1603,1404
13800,13850,1610,1383,1610,1411
13850,13900,1618,1388,1618,1419
13900,13950,1625,1393,1625,1426
13950,14000,1633,1398,1633,1434
14000,14050,1640,1403,1640,1441
14050,14100,1648,1408,1648,1449
14100,14150,1655,1413,1655,1456
14150,14200,1663,1418,1663,1464
14200,14250,1670,1423,1670,1471
14250,14300,1678,1428,1678,1479
14300,14350,1685,1433,1685,1486
14350,14400,1693,1438,1693,1494
14400,14450,1700,1443,1700,1501
14450,14500,1708,1448,1708,1509
14500,14550,1715,1453,1715,1516
14550,14600,1723,1458,1723,1524
14600,14650,1730,1463,1730,1531
14650,14700,1738,1468,1738,1539
14700,14750,1745,1473,1745,1546
14750,14800,1753,1478,1753,1554
14800,14850,1760,1483,1760,1561
14850,14900,1768,1488,1768,1569
14900,14950,1775,1493,1775,1576
14950,15000,1783,1498,1783,1584
15000,15050,1790,1503,1790,1591
15050,15100,1798,1508,1798,1599
15100,15150,1805,1513,1805,1606
15150,15200,1813,1518,1813,1614
15200,15250,1820,1523,1820,1621
15250,15300,1828,1528,1828,1629
15300,15350,1835,1533,1835,1636
15350,15400,1843,1538,1843,1644
15400,15450,1850,1543,1850,1651
15450,15500,1858,1548,1858,1659
15500,15550,1865,1553,1865,1666
15550,15600,1873,1558,1873,1674
15600,15650,1880,1563,1880,1681
15650,15700,1888,1568,1888,1689
15700,15750,1895,1573,1895,1696
15750,15800,1903,1578,1903,1704
15800,15850,1910,1583,1910,1711
15850,15900,1918,1588,1918,1719
15900,15950,1925,1593,1925,1726
15950,16000,1933,1598,1933,1734
16000,16050,1940,1603,1940,1741
16050,16100,1948,1608,1948,1749
16100,16150,1955,1613,1955,1756
16150,16200,1963,1618,1963,1764
16200,16250,1970,1623,1970,1771
16250,16300,1978,1628,1978,1779
16300,16350,1985,1633,1985,1786
16350,16400,1993,1638,1993,1794
16400,16450,2000,1643,2000,1801
16450,16500,2008,1648,2008,1809
16500,16550,2015,1653,2015,1816
16550,16600,2023,1658,2023,1824
16600,16650,2030,1663,2030,1831
16650,16700,2038,1668,2038,1839
16700,16750,2045,1673,2045,1846
16750,16800,2053,1678,2053,1854
16800,16850,2060,1683,2060,1861
16850,16900,2068,1688,2068,1869
16900,16950,2075,1693,2075,1876
16950,17000,2083,1698,2083,1884
17000,17050,2090,1703,2090,1891
17050,17100,2098,1708,2098,1899
17100,17150,2105,1713,2105,1906
17150,17200,2113,1718,2113,1914
17200,17250,2120,1723,2120,1921
17250,17300,2128,1728,2128,1929
17300,17350,2135,1733,2135,1936
17350,17400,2143,1738,2143,1944
17400,17450,2150,1743,2150,1951
17450,17500,2158,1748,2158,1959
17500,17550,2165,1753,2165,1966
17550,17600,2173,1758,2173,1974
17600,17650,2180,1763,2180,1981
17650,17700,2188,1768,2188,1989
17700,17750,2195,1773,2195,1996
17750,17800,2203,1778,2203,2004
17800,17850,2210,1783,2210,2011
17850,17900,2218,1788,2218,2019
17900,17950,2225,1793,2225,2026
17950,18000,2233,1798,2233,2034
18000,18050,2240,1803,2240,2041
18050,18100,2248,1808,2248,2049
18100,18150,2255,1813,2255,2056
18150,18200,2263,1818,2263,2064
18200,18250,2270,1823,2270,2071
18250,18300,2278,1828,2278,2079
18300,18350,2285,1833,2285,2086
18350,18400,2293,1838,2293,2094
18400,18450,2300,1843,2300,2101
18450,18500,2308,1848,2308,2109
18500,18550,2315,1853,2315,2116
18550,18600,2323,1859,2323,2124
18600,18650,2330,1866,2330,2131
18650,18700,2338,1874,2338,2139
18700,18750,2345,1881,2345,2146
18750,18800,2353,1889,2353,2154
18800,18850,2360,1896,2360,2161
18850,18900,2368,1904,2368,2169
18900,18950,2375,1911,2375,2176
18950,19000,2383,1919,2383,2184
19000,19050,2390,1926,2390,2191
19050,19100,2398,1934,2398,2199
19100,19150,2405,1941,2405,2206
19150,19200,2413,1949,2413,2214
19200,19250,2420,1956,2420,2221
19250,19300,2428,1964,2428,2229
19300,19350,2435,1971,2435,2236
19350,19400,2443,1979,2443,2244
19400,19450,2450,1986,2450,2251
19450,19500,2458,1994,2458,2259
19500,19550,2465,2001,2465,2266
19550,19600,2473,2009,2473,2274
19600,19650,2480,2016,2480,2281
19650,19700,2488,2024,2488,2289
19700,19750,2495,2031,2495,2296
19750,19800,2503,2039,2503,2304
19800,19850,2510,2046,2510,2311
19850,19900,2518,2054,2518,2319
19900,19950,2525,2061,2525,2326
19950,20000,2533,2069,2533,2334
20000,20050,2540,2076,2540,2341
20050,20100,2548,2084,2548,2349
20100,20150,2555,2091,2555,2356
20150,20200,2563,2099,2563,2364
20200,20250,2570,2106,2570,2371
20250,20300,2578,2114,2578,2379
20300,20350,2585,2121,2585,2386
20350,20400,2593,2129,2593,2394
20400,20450,2600,2136,2600,2401
20450,20500,2608,2144,2608,2409
20500,20550,2615,2151,2615,2416
20550,20600,2623,2159,2623,2424
20600,20650,2630,2166,2630,2431
20650,20700,2638,2174,2638,2439
20700,20750,2645,2181,2645,2446
20750,20800,2653,2189,2653,2454
20800,20850,2660,2196,2660,2461
20850,20900,2668,2204,2668,2469
20900,20950,2675,2211,2675,2476
20950,21000,2683,2219,2683,2484
21000,21050,2690,2226,2690,2491
21050,21100,2698,2234,2698,2499
21100,21150,2705,2241,2705,2506
21150,21200,2713,2249,2713,2514
21200,21250,2720,2256,2720,2521
21250,21300,2728,2264,2728,2529
21300,21350,2735,2271,2735,2536
21350,21400,2743,2279,2743,2544
21400,21450,2750,2286,2750,2551
21450,21500,2758,2294,2758,2559
21500,21550,2765,2301,2765,2566
21550,21600,2773,2309,2773,2574
21600,21650,2780,2316,2780,2581
21650,21700,2788,2324,2788,2589
21700,21750,2795,2331,2795,2596
21750,21800,2803,2339,2803,2604
21800,21850,2810,2346,2810,2611
21850,21900,2818,2354,2818,2619
21900,21950,2825,2361,2825,2626
21950,22000,2833,2369,2833,2634
22000,22050,2840,2376,2840,2641
22050,22100,2848,2384,2848,2649
22100,22150,2855,2391,2855,2656
22150,22200,2863,2399,2863,2664
22200,22250,2870,2406,2870,2671
22250,22300,2878,2414,2878,2679
22300,22350,2885,2421,2885,2686
22350,22400,2893,2429,2893,2694
22400,22450,2900,2436,2900,2701
22450,22500,2908,2444,2908,2709
22500,22550,2915,2451,2915,2716
22550,22600,2923,2459,2923,2724
22600,22650,2930,2466,2930,2731
22650,22700,2938,2474,2938,2739
22700,22750,2945,2481,2945,2746
22750,22800,2953,2489,2953,2754
22800,22850,2960,2496,2960,2761
22850,22900,2968,2504,2968,2769
22900,22950,2975,2511,2975,2776
22950,23000,2983,2519,2983,2784
23000,23050,2990,2526,2990,2791
23050,23100,2998,2534,2998,2799
23100,23150,3005,2541,3005,2806
23150,23200,3013,2549,3013,2814
23200,23250,3020,2556,3020,2821
23250,23300,3028,2564,3028,2829
23300,23350,3035,2571,3035,2836
23350,23400,3043,2579,3043,2844
23400,23450,3050,2586,3050,2851
23450,23500,3058,2594,3058,2859
23500,23550,3065,2601,3065,2866
23550,23600,3073,2609,3073,2874
23600,23650,3080,2616,3080,2881
23650,23700,3088,2624,3088,2889
23700,23750,3095,2631,3095,2896
23750,23800,3103,2639,3103,2904
23800,23850,3110,2646,3110,2911
23850,23900,3118,2654,3118,2919
23900,23950,3125,2661,3125,2926
23950,24000,3133,2669,3133,2934
24000,24050,3140,2676,3140,2941
24050,24100,3148,2684,3148,2949
24100,24150,3155,2691,3155,2956
24150,24200,3163,2699,3163,2964
24200,24250,3170,2706,3170,2971
24250,24300,3178,2714,3178,2979
24300,24350,3185,2721,3185,2986
24350,24400,3193,2729,3193,2994
24400,24450,3200,2736,3200,3001
24450,24500,3208,2744,3208,3009
24500,24550,3215,2751,3215,3016
24550,24600,3223,2759,3223,3024
24600,24650,3230,2766,3230,3031
24650,24700,3238,2774,3238,3039
24700,24750,3245,2781,3245,3046
24750,24800,3253,2789,3253,3054
24800,24850,3260,2796,3260,3061
24850,24900,3268,2804,3268,3069
24900,24950,3275,2811,3275,3076
24950,25000,3283,2819,3283,3084
25000,25050,3290,2826,3290,3091
25050,25100,3298,2834,3298,3099
25100,25150,3305,2841,3305,3106
25150,25200,3313,2849,3313,3114
25200,25250,3320,2856,3320,3121
25250,25300,3328,2864,3328,3129
25300,25350,3335,2871,3335,3136
25350,25400,3343,2879,3343,3144
25400,25450,3350,2886,3350,3151
25450,25500,3358,2894,3358,3159
25500,25550,3365,2901,3365,3166
25550,25600,3373,2909,3373,3174
25600,25650,3380,2916,3380,3181
25650,25700,3388,2924,3388,3189
25700,25750,3395,2931,3395,3196
25750,25800,3403,2939,3403,3204
25800,25850,3410,2946,3410,3211
25850,25900,3418,2954,3418,3219
25900,25950,3425,2961,3425,3226
25950,26000,3433,2969,3433,3234
26000,26050,3440,2976,3440,3241
26050,26100,3448,2984,3448,3249
26100,26150,3455,2991,3455,3256
26150,26200,3463,2999,3463,3264
26200,26250,3470,3006,3470,3271
26250,26300,3478,3014,3478,3279
26300,26350,3485,3021,3485,3286
26350,26400,3493,3029,3493,3294
26400,26450,3500,3036,3500,3301
26450,26500,3508,3044,3508,3309
26500,26550,3515,3051,3515,3316
26550,26600,3523,3059,3523,3324
26600,26650,3530,3066,3530,3331
26650,26700,3538,3074,3538,3339
26700,26750,3545,3081,3545,3346
26750,26800,3553,3089,3553,3354
26800,26850,3560,3096,3560,3361
26850,26900,3568,3104,3568,3369
26900,26950,3575,3111,3575,3376
26950,27000,3583,3119,3583,3384
27000,27050,3590,3126,3590,3391
27050,27100,3598,3134,3598,3399
27100,27150,3605,3141,3605,3406
27150,27200,3613,3149,3613,3414
27200,27250,3620,3156,3620,3421
27250,27300,3628,3164,3628,3429
27300,27350,3635,3171,3635,3436
27350,27400,3643,3179,3643,3444
27400,27450,3650,3186,3650,3451
27450,27500,3658,3194,3658,3459
27500,27550,3665,3201,3665,3466
27550,27600,3673,3209,3673,3474
27600,27650,3680,3216,3680,3481
27650,27700,3688,3224,3688,3489
27700,27750,3695,3231,3695,3496
27750,27800,3703,3239,3703,3504
27800,27850,3710,3246,3710,3511
27850,27900,3718,3254,3718,3519
27900,27950,3725,3261,3725,3526
27950,28000,3733,3269,3733,3534
28000,28050,3740,3276,3740,3541
28050,28100,3748,3284,3748,3549
28100,28150,3755,3291,3755,3556
28150,28200,3763,3299,3763,3564
28200,28250,3770,3306,3770,3571
28250,28300,3778,3314,3778,3579
28300,28350,3785,3321,3785,3586
28350,28400,3793,3329,3793,3594
28400,28450,3800,3336,3800,3601
28450,28500,3808,3344,3808,3609
28500,28550,3815,3351,3815,3616
28550,28600,3823,3359,3823,3624
28600,28650,3830,3366,3830,3631
28650,28700,3838,3374,3838,3639
28700,28750,3845,3381,3845,3646
28750,28800,3853,3389,3853,3654
28800,28850,3860,3396,3860,3661
28850,28900,3868,3404,3868,3669
28900,28950,3875,3411,3875,3676
28950,29000,3883,3419,3883,3684
29000,29050,3890,3426,3890,3691
29050,29100,3898,3434,3898,3699
29100,29150,3905,3441,3905,3706
29150,29200,3913,3449,3913,3714
29200,29250,3920,3456,3920,3721
29250,29300,3928,3464,3928,3729
29300,29350,3935,3471,3935,3736
29350,29400,3943,3479,3943,3744
29400,29450,3950,3486,3950,3751
29450,29500,3958,3494,3958,3759
29500,29550,3965,3501,3965,3766
29550,29600,3973,3509,3973,3774
29600,29650,3980,3516,3980,3781
29650,29700,3988,3524,3988,3789
29700,29750,3995,3531,3995,3796
29750,29800,4003,3539,4003,3804
29800,29850,4010,3546,4010,3811
29850,29900,4018,3554,4018,3819
29900,29950,4025,3561,4025,3826
29950,30000,4033,3569,4033,3834
30000,30050,4040,3576,4040,3841
30050,30100,4048,3584,4048,3849
30100,30150,4055,3591,4055,3856
30150,30200,4063,3599,4063,3864
30200,30250,4070,3606,4070,3871
30250,30300,4078,3614,4078,3879
30300,30350,4085,3621,4085,3886
30350,30400,4093,3629,4093,3894
30400,30450,4100,3636,4100,3901
30450,30500,4108,3644,4108,3909
30500,30550,4115,3651,4115,3916
30550,30600,4123,3659,4123,3924
30600,30650,4130,3666,4130,3931
30650,30700,4138,3674,4138,3939
30700,30750,4145,3681,4145,3946
30750,30800,4153,3689,4153,3954
30800,30850,4160,3696,4160,3961
30850,30900,4168,3704,4168,3969
30900,30950,4175,3711,4175,3976
30950,31000,4183,3719,4183,3984
31000,31050,4190,3726,4190,3991
31050,31100,4198,3734,4198,3999
31100,31150,4205,3741,4205,4006
31150,31200,4213,3749,4213,4014
31200,31250,4220,3756,4220,4021
31250,31300,4228,3764,4228,4029
31300,31350,4235,3771,4235,4036
31350,31400,4243,3779,4243,4044
31400,31450,4250,3786,4250,4051
31450,31500,4258,3794,4258,4059
31500,31550,4265,3801,4265,4066
31550,31600,4273,3809,4273,4074
31600,31650,4280,3816,4280,4081
31650,31700,4288,3824,4288,4089
31700,31750,4295,3831,4295,4096
31750,31800,4303,3839,4303,4104
31800,31850,4310,3846,4310,4111
31850,31900,4318,3854,4318,4119
31900,31950,4325,3861,4325,4126
31950,32000,4333,3869,4333,4134
32000,32050,4340,3876,4340,4141
32050,32100,4348,3884,4348,4149
32100,32150,4355,3891,4355,4156
32150,32200,4363,3899,4363,4164
32200,32250,4370,3906,4370,4171
32250,32300,4378,3914,4378,4179
32300,32350,4385,3921,4385,4186
32350,32400,4393,3929,4393,4194
32400,32450,4400,3936,4400,4201
32450,32500,4408,3944,4408,4209
32500,32550,4415,3951,4415,4216
32550,32600,4423,3959,4423,4224
32600,32650,4430,3966,4430,4231
32650,32700,4438,3974,4438,4239
32700,32750,4445,3981,4445,4246
32750,32800,4453,3989,4453,4254
32800,32850,4460,3996,4460,4261
32850,32900,4468,4004,4468,4269
32900,32950,4475,4011,4475,4276
32950,33000,4483,4019,4483,4284
33000,33050,4490,4026,4490,4291
33050,33100,4498,4034,4498,4299
33100,33150,4505,4041,4505,4306
33150,33200,4513,4049,4513,4314
33200,33250,4520,4056,4520,4321
33250,33300,4528,4064,4528,4329
33300,33350,4535,4071,4535,4336
33350,33400,4543,4079,4543,4344
33400,33450,4550,4086,4550,4351
33450,33500,4558,4094,4558,4359
33500,33550,4565,4101,4565,4366
33550,33600,4573,4109,4573,4374
33600,33650,4580,4116,4580,4381
33650,33700,4588,4124,4588,4389
33700,33750,4595,4131,4595,4396
33750,33800,4603,4139,4603,4404
33800,33850,4610,4146,4610,4411
33850,33900,4618,4154,4618,4419
33900,33950,4625,4161,4625,4426
33950,34000,4633,4169,4633,4434
34000,34050,4640,4176,4640,4441
34050,34100,4648,4184,4648,4449
34100,34150,4655,4191,4655,4456
34150,34200,4663,4199,4663,4464
34200,34250,4670,4206,4670,4471
34250,34300,4678,4214,4678,4479
34300,34350,4685,4221,4685,4486
34350,34400,4693,4229,4693,4494
34400,34450,4700,4236,4700,4501
34450,34500,4708,4244,4708,4509
34500,34550,4715,4251,4715,4516
34550,34600,4723,4259,4723,4524
34600,34650,4730,4266,4730,4531
34650,34700,4738,4274,4738,4539
34700,34750,4745,4281,4745,4546
34750,34800,4753,4289,4753,4554
34800,34850,4760,4296,4760,4561
34850,34900,4768,4304,4768,4569
34900,34950,4775,4311,4775,4576
34950,35000,4783,4319,4783,4584
35000,35050,4790,4326,4790,4591
35050,35100,4798,4334,4798,4599
35100,35150,4805,4341,4805,4606
35150,35200,4813,4349,4813,4614
35200,35250,4820,4356,4820,4621
35250,35300,4828,4364,4828,4629
35300,35350,4835,4371,4835,4636
35350,35400,4843,4379,4843,4644
35400,35450,4850,4386,4850,4651
35450,35500,4858,4394,4858,4659
35500,35550,4865,4401,4865,4666
35550,35600,4873,4409,4873,4674
35600,35650,4880,4416,4880,4681
35650,35700,4888,4424,4888,4689
35700,35750,4895,4431,4895,4696
35750,35800,4903,4439,4903,4704
35800,35850,4910,4446,4910,4711
35850,35900,4918,4454,4918,4719
35900,35950,4925,4461,4925,4726
35950,36000,4933,4469,4933,4734
36000,36050,4940,4476,4940,4741
36050,36100,4948,4484,4948,4749
36100,36150,4955,4491,4955,4756
36150,36200,4963,4499,4963,4764
36200,36250,4970,4506,4970,4771
36250,36300,4978,4514,4978,4779
36300,36350,4985,4521,4985,4786
36350,36400,4993,4529,4993,4794
36400,36450,5000,4536,5000,4801
36450,36500,5008,4544,5008,4809
36500,36550,5015,4551,5015,4816
36550,36600,5023,4559,5023,4824
36600,36650,5030,4566,5030,4831
36650,36700,5038,4574,5038,4839
36700,36750,5045,4581,5045,4846
36750,36800,5053,4589,5053,4854
36800,36850,5060,4596,5060,4861
36850,36900,5068,4604,5068,4869
36900,36950,5075,4611,5075,4876
36950,37000,5083,4619,5083,4884
37000,37050,5090,4626,5090,4891
37050,37100,5098,4634,5098,4899
37100,37150,5105,4641,5105,4906
37150,37200,5113,4649,5113,4914
37200,37250,5120,4656,5120,4921
37250,37300,5128,4664,5128,4929
37300,37350,5135,4671,5135,4936
37350,37400,5143,4679,5143,4944
37400,37450,5150,4686,5150,4951
37450,37500,5158,4694,5158,4959
37500,37550,5165,4701,5165,4966
37550,37600,5173,4709,5173,4974
37600,37650,5180,4716,5180,4981
37650,37700,5190,4724,5190,4989
37700,37750,5203,4731,5203,4996
37750,37800,5215,4739,5215,5004
37800,37850,5228,4746,5228,5011
37850,37900,5240,4754,5240,5019
37900,37950,5253,4761,5253,5026
37950,38000,5265,4769,5265,5034
38000,38050,5278,4776,5278,5041
38050,38100,5290,4784,5290,5049
38100,38150,5303,4791,5303,5056
38150,38200,5315,4799,5315,5064
38200,38250,5328,4806,5328,5071
38250,38300,5340,4814,5340,5079
38300,38350,5353,4821,5353,5086
38350,38400,5365,4829,5365,5094
38400,38450,5378,4836,5378,5101
38450,38500,5390,4844,5390,5109
38500,38550,5403,4851,5403,5116
38550,38600,5415,4859,5415,5124
38600,38650,5428,4866,5428,5131
38650,38700,5440,4874,5440,5139
38700,38750,5453,4881,5453,5146
38750,38800,5465,4889,5465,5154
38800,38850,5478,4896,5478,5161
38850,38900,5490,4904,5490,5169
38900,38950,5503,4911,5503,5176
38950,39000,5515,4919,5515,5184
39000,39050,5528,4926,5528,5191
39050,39100,5540,4934,5540,5199
39100,39150,5553,4941,5553,5206
39150,39200,5565,4949,5565,5214
39200,39250,5578,4956,5578,5221
39250,39300,5590,4964,5590,5229
39300,39350,5603,4971,5603,5236
39350,39400,5615,4979,5615,5244
39400,39450,5628,4986,5628,5251
39450,39500,5640,4994,5640,5259
39500,39550,5653,5001,5653,5266
39550,39600,5665,5009,5665,5274
39600,39650,5678,5016,5678,5281
39650,39700,5690,5024,5690,5289
39700,39750,5703,5031,5703,5296
39750,39800,5715,5039,5715,5304
39800,39850,5728,5046,5728,5311
39850,39900,5740,5054,5740,5319
39900,39950,5753,5061,5753,5326
39950,40000,5765,5069,5765,5334
40000,40050,5778,5076,5778,5341
40050,40100,5790,5084,5790,5349
40100,40150,5803,5091,5803,5356
40150,40200,5815,5099,5815,5364
40200,40250,5828,5106,5828,5371
40250,40300,5840,5114,5840,5379
40300,40350,5853,5121,5853,5386
40350,40400,5865,5129,5865,5394
40400,40450,5878,5136,5878,5401
40450,40500,5890,5144,5890,5409
40500,40550,5903,5151,5903,5416
40550,40600,5915,5159,5915,5424
40600,40650,5928,5166,5928,5431
40650,40700,5940,5174,5940,5439
40700,40750,5953,5181,5953,5446
40750,40800,5965,5189,5965,5454
40800,40850,5978,5196,5978,5461
40850,40900,5990,5204,5990,5469
40900,40950,6003,5211,6003,5476
40950,41000,6015,5219,6015,5484
41000,41050,6028,5226,6028,5491
41050,41100,6040,5234,6040,5499
41100,41150,6053,5241,6053,5506
41150,41200,6065,5249,6065,5514
41200,41250,6078,5256,6078,5521
41250,41300,6090,5264,6090,5529
41300,41350,6103,5271,6103,5536
41350,41400,6115,5279,6115,5544
41400,41450,6128,5286,6128,5551
41450,41500,6140,5294,6140,5559
41500,41550,6153,5301,6153,5566
41550,41600,6165,5309,6165,5574
41600,41650,6178,5316,6178,5581
41650,41700,6190,5324,6190,5589
41700,41750,6203,5331,6203,5596
41750,41800,6215,5339,6215,5604
41800,41850,6228,5346,6228,5611
41850,41900,6240,5354,6240,5619
41900,41950,6253,5361,6253,5626
41950,42000,6265,5369,6265,5634
42000,42050,6278,5376,6278,5641
42050,42100,6290,5384,6290,5649
42100,42150,6303,5391,6303,5656
42150,42200,6315,5399,6315,5664
42200,42250,6328,5406,6328,5671
42250,42300,6340,5414,6340,5679
42300,42350,6353,5421,6353,5686
42350,42400,6365,5429,6365,5694
42400,42450,6378,5436,6378,5701
42450,42500,6390,5444,6390,5709
42500,42550,6403,5451,6403,5716
42550,42600,6415,5459,6415,5724
42600,42650,6428,5466,6428,5731
42650,42700,6440,5474,6440,5739
42700,42750,6453,5481,6453,5746
42750,42800,6465,5489,6465,5754
42800,42850,6478,5496,6478,5761
42850,42900,6490,5504,6490,5769
42900,42950,6503,5511,6503,5776
42950,43000,6515,5519,6515,5784
43000,43050,6528,5526,6528,5791
43050,43100,6540,5534,6540,5799
43100,43150,6553,5541,6553,5806
43150,43200,6565,5549,6565,5814
43200,43250,6578,5556,6578,5821
43250,43300,6590,5564,6590,5829
43300,43350,6603,5571,6603,5836
43350,43400,6615,5579,6615,5844
43400,43450,6628,5586,6628,5851
43450,43500,6640,5594,6640,5859
43500,43550,6653,5601,6653,5866
43550,43600,6665,5609,6665,5874
43600,43650,6678,5616,6678,5881
43650,43700,6690,5624,6690,5889
43700,43750,6703,5631,6703,5896
43750,43800,6715,5639,6715,5904
43800,43850,6728,5646,6728,5911
43850,43900,6740,5654,6740,5919
43900,43950,6753,5661,6753,5926
43950,44000,6765,5669,6765,5934
44000,44050,6778,5676,6778,5941
44050,44100,6790,5684,6790,5949
44100,44150,6803,5691,6803,5956
44150,44200,6815,5699,6815,5964
44200,44250,6828,5706,6828,5971
44250,44300,6840,5714,6840,5979
44300,44350,6853,5721,6853,5986
44350,44400,6865,5729,6865,5994
44400,44450,6878,5736,6878,6001
44450,44500,6890,5744,6890,6009
44500,44550,6903,5751,6903,6016
44550,44600,6915,5759,6915,6024
44600,44650,6928,5766,6928,6031
44650,44700,6940,5774,6940,6039
44700,44750,6953,5781,6953,6046
44750,44800,6965,5789,6965,6054
44800,44850,6978,5796,6978,6061
44850,44900,6990,5804,6990,6069
44900,44950,7003,5811,7003,6076
44950,45000,7015,5819,7015,6084
45000,45050,7028,5826,7028,6091
45050,45100,7040,5834,7040,6099
45100,45150,7053,5841,7053,6106
45150,45200,7065,5849,7065,6114
45200,45250,7078,5856,7078,6121
45250,45300,7090,5864,7090,6129
45300,45350,7103,5871,7103,6136
45350,45400,7115,5879,7115,6144
45400,45450,7128,5886,7128,6151
45450,45500,7140,5894,7140,6159
45500,45550,7153,5901,7153,6166
45550,45600,7165,5909,7165,6174
45600,45650,7178,5916,7178,6181
45650,45700,7190,5924,7190,6189
45700,45750,7203,5931,7203,6196
45750,45800,7215,5939,7215,6204
45800,45850,7228,5946,7228,6211
45850,45900,7240,5954,7240,6219
45900,45950,7253,5961,7253,6226
45950,46000,7265,5969,7265,6234
46000,46050,7278,5976,7278,6241
46050,46100,7290,5984,7290,6249
46100,46150,7303,5991,7303,6256
46150,46200,7315,5999,7315,6264
46200,46250,7328,6006,7328,6271
46250,46300,7340,6014,7340,6279
46300,46350,7353,6021,7353,6286
46350,46400,7365,6029,7365,6294
46400,46450,7378,6036,7378,6301
46450,46500,7390,6044,7390,6309
46500,46550,7403,6051,7403,6316
46550,46600,7415,6059,7415,6324
46600,46650,7428,6066,7428,6331
46650,46700,7440,6074,7440,6339
46700,46750,7453,6081,7453,6346
46750,46800,7465,6089,7465,6354
46800,46850,7478,6096,7478,6361
46850,46900,7490,6104,7490,6369
46900,46950,7503,6111,7503,6376
46950,47000,7515,6119,7515,6384
47000,47050,7528,6126,7528,6391
47050,47100,7540,6134,7540,6399
47100,47150,7553,6141,7553,6406
47150,47200,7565,6149,7565,6414
47200,47250,7578,6156,7578,6421
47250,47300,7590,6164,7590,6429
47300,47350,7603,6171,7603,6436
47350,47400,7615,6179,7615,6444
47400,47450,7628,6186,7628,6451
47450,47500,7640,6194,7640,6459
47500,47550,7653,6201,7653,6466
47550,47600,7665,6209,7665,6474
47600,47650,7678,6216,7678,6481
47650,47700,7690,6224,7690,6489
47700,47750,7703,6231,7703,6496
47750,47800,7715,6239,7715,6504
47800,47850,7728,6246,7728,6511
47850,47900,7740,6254,7740,6519
47900,47950,7753,6261,7753,6526
47950,48000,7765,6269,7765,6534
48000,48050,7778,6276,7778,6541
48050,48100,7790,6284,7790,6549
48100,48150,7803,6291,7803,6556
48150,48200,7815,6299,7815,6564
48200,48250,7828,6306,7828,6571
48250,48300,7840,6314,7840,6579
48300,48350,7853,6321,7853,6586
48350,48400,7865,6329,7865,6594
48400,48450,7878,6336,7878,6601
48450,48500,7890,6344,7890,6609
48500,48550,7903,6351,7903,6616
48550,48600,7915,6359,7915,6624
48600,48650,7928,6366,7928,6631
48650,48700,7940,6374,7940,6639
48700,48750,7953,6381,7953,6646
48750,48800,7965,6389,7965,6654
48800,48850,7978,6396,7978,6661
48850,48900,7990,6404,7990,6669
48900,48950,8003,6411,8003,6676
48950,49000,8015,6419,8015,6684
49000,49050,8028,6426,8028,6691
49050,49100,8040,6434,8040,6699
49100,49150,8053,6441,8053,6706
49150,49200,8065,6449,8065,6714
49200,49250,8078,6456,8078,6721
49250,49300,8090,6464,8090,6729
49300,49350,8103,6471,8103,6736
49350,49400,8115,6479,8115,6744
49400,49450,8128,6486,8128,6751
49450,49500,8140,6494,8140,6759
49500,49550,8153,6501,8153,6766
49550,49600,8165,6509,8165,6774
49600,49650,8178,6516,8178,6781
49650,49700,8190,6524,8190,6789
49700,49750,8203,6531,8203,6796
49750,49800,8215,6539,8215,6804
49800,49850,8228,6546,8228,6811
49850,49900,8240,6554,8240,6819
49900,49950,8253,6561,8253,6826
49950,50000,8265,6569,8265,6834
50000,50050,8278,6576,8278,6841
50050,50100,8290,6584,8290,6849
50100,50150,8303,6591,8303,6856
50150,50200,8315,6599,8315,6864
50200,50250,8328,6606,8328,6871
50250,50300,8340,6614,8340,6879
50300,50350,8353,6621,8353,6886
50350,50400,8365,6629,8365,6894
50400,50450,8378,6636,8378,6904
50450,50500,8390,6644,8390,6916
50500,50550,8403,6651,8403,6929
50550,50600,8415,6659,8415,6941
50600,50650,8428,6666,8428,6954
50650,50700,8440,6674,8440,6966
50700,50750,8453,6681,8453,6979
50750,50800,8465,6689,8465,6991
50800,50850,8478,6696,8478,7004
50850,50900,8490,6704,8490,7016
50900,50950,8503,6711,8503,7029
50950,51000,8515,6719,8515,7041
51000,51050,8528,6726,8528,7054
51050,51100,8540,6734,8540,7066
51100,51150,8553,6741,8553,7079
51150,51200,8565,6749,8565,7091
51200,51250,8578,6756,8578,7104
51250,51300,8590,6764,8590,7116
51300,51350,8603,6771,8603,7129
51350,51400,8615,6779,8615,7141
51400,51450,8628,6786,8628,7154
51450,51500,8640,6794,8640,7166
51500,51550,8653,6801,8653,7179
51550,51600,8665,6809,8665,7191
51600,51650,8678,6816,8678,7204
51650,51700,8690,6824,8690,7216
51700,51750,8703,6831,8703,7229
51750,51800,8715,6839,8715,7241
51800,51850,8728,6846,8728,7254
51850,51900,8740,6854,8740,7266
51900,51950,8753,6861,8753,7279
51950,52000,8765,6869,8765,7291
52000,52050,8778,6876,8778,7304
52050,52100,8790,6884,8790,7316
52100,52150,8803,6891,8803,7329
52150,52200,8815,6899,8815,7341
52200,52250,8828,6906,8828,7354
52250,52300,8840,6914,8840,7366
52300,52350,8853,6921,8853,7379
52350,52400,8865,6929,8865,7391
52400,52450,8878,6936,8878,7404
52450,52500,8890,6944,8890,7416
52500,52550,8903,6951,8903,7429
52550,52600,8915,6959,8915,7441
52600,52650,8928,6966,8928,7454
52650,52700,8940,6974,8940,7466
52700,52750,8953,6981,8953,7479
52750,52800,8965,6989,8965,7491
52800,52850,8978,6996,8978,7504
52850,52900,8990,7004,8990,7516
52900,52950,9003,7011,9003,7529
52950,53000,9015,7019,9015,7541
53000,53050,9028,7026,9028,7554
53050,53100,9040,7034,9040,7566
53100,53150,9053,7041,9053,7579
53150,53200,9065,7049,9065,7591
53200,53250,9078,7056,9078,7604
53250,53300,9090,7064,9090,7616
53300,53350,9103,7071,9103,7629
53350,53400,9115,7079,9115,7641
53400,53450,9128,7086,9128,7654
53450,53500,9140,7094,9140,7666
53500,53550,9153,7101,9153,7679
53550,53600,9165,7109,9165,7691
53600,53650,9178,7116,9178,7704
53650,53700,9190,7124,9190,7716
53700,53750,9203,7131,9203,7729
53750,53800,9215,7139,9215,7741
53800,53850,9228,7146,9228,7754
53850,53900,9240,7154,9240,7766
53900,53950,9253,7161,9253,7779
53950,54000,9265,7169,9265,7791
54000,54050,9278,7176,9278,7804
54050,54100,9290,7184,9290,7816
54100,54150,9303,7191,9303,7829
54150,54200,9315,7199,9315,7841
54200,54250,9328,7206,9328,7854
54250,54300,9340,7214,9340,7866
54300,54350,9353,7221,9353,7879
54350,54400,9365,7229,9365,7891
54400,54450,9378,7236,9378,7904
54450,54500,9390,7244,9390,7916
54500,54550,9403,7251,9403,7929
54550,54600,9415,7259,9415,7941
54600,54650,9428,7266,9428,7954
54650,54700,9440,7274,9440,7966
54700,54750,9453,7281,9453,7979
54750,54800,9465,7289,9465,7991
54800,54850,9478,7296,9478,8004
54850,54900,9490,7304,9490,8016
54900,54950,9503,7311,9503,8029
54950,55000,9515,7319,9515,8041
55000,55050,9528,7326,9528,8054
55050,55100,9540,7334,9540,8066
55100,55150,9553,7341,9553,8079
55150,55200,9565,7349,9565,8091
55200,55250,9578,7356,9578,8104
55250,55300,9590,7364,9590,8116
55300,55350,9603,7371,9603,8129
55350,55400,9615,7379,9615,8141
55400,55450,9628,7386,9628,8154
55450,55500,9640,7394,9640,8166
55500,55550,9653,7401,9653,8179
55550,55600,9665,7409,9665,8191
55600,55650,9678,7416,9678,8204
55650,55700,9690,7424,9690,8216
55700,55750,9703,7431,9703,8229
55750,55800,9715,7439,9715,8241
55800,55850,9728,7446,9728,8254
55850,55900,9740,7454,9740,8266
55900,55950,9753,7461,9753,8279
55950,56000,9765,7469,9765,8291
56000,56050,9778,7476,9778,8304
56050,56100,9790,7484,9790,8316
56100,56150,9803,7491,9803,8329
56150,56200,9815,7499,9815,8341
56200,56250,9828,7506,9828,8354
56250,56300,9840,7514,9840,8366
56300,56350,9853,7521,9853,8379
56350,56400,9865,7529,9865,8391
56400,56450,9878,7536,9878,8404
56450,56500,9890,7544,9890,8416
56500,56550,9903,7551,9903,8429
56550,56600,9915,7559,9915,8441
56600,56650,9928,7566,9928,8454
56650,56700,9940,7574,9940,8466
56700,56750,9953,7581,9953,8479
56750,56800,9965,7589,9965,8491
56800,56850,9978,7596,9978,8504
56850,56900,9990,7604,9990,8516
56900,56950,10003,7611,10003,8529
56950,57000,10015,7619,10015,8541
57000,57050,10028,7626,10028,8554
57050,57100,10040,7634,10040,8566
57100,57150,10053,7641,10053,8579
57150,57200,10065,7649,10065,8591
57200,57250,10078,7656,10078,8604
57250,57300,10090,7664,10090,8616
57300,57350,10103,7671,10103,8629
57350,57400,10115,7679,10115,8641
57400,57450,10128,7686,10128,8654
57450,57500,10140,7694,10140,8666
57500,57550,10153,7701,10153,8679
57550,57600,10165,7709,10165,8691
57600,57650,10178,7716,10178,8704
57650,57700,10190,7724,10190,8716
57700,57750,10203,7731,10203,8729
57750,57800,10215,7739,10215,8741
57800,57850,10228,7746,10228,8754
57850,57900,10240,7754,10240,8766
57900,57950,10253,7761,10253,8779
57950,58000,10265,7769,10265,8791
58000,58050,10278,7776,10278,8804
58050,58100,10290,7784,10290,8816
58100,58150,10303,7791,10303,8829
58150,58200,10315,7799,10315,8841
58200,58250,10328,7806,10328,8854
58250,58300,10340,7814,10340,8866
58300,58350,10353,7821,10353,8879
58350,58400,10365,7829,10365,8891
58400,58450,10378,7836,10378,8904
58450,58500,10390,7844,10390,8916
58500,58550,10403,7851,10403,8929
58550,58600,10415,7859,10415,8941
58600,58650,10428,7866,10428,8954
58650,58700,10440,7874,10440,8966
58700,58750,10453,7881,10453,8979
58750,58800,10465,7889,10465,8991
58800,58850,10478,7896,10478,9004
58850,58900,10490,7904,10490,9016
58900,58950,10503,7911,10503,9029
58950,59000,10515,7919,10515,9041
59000,59050,10528,7926,10528,9054
59050,59100,10540,7934,10540,9066
59100,59150,10553,7941,10553,9079
59150,59200,10565,7949,10565,9091
59200,59250,10578,7956,10578,9104
59250,59300,10590,7964,10590,9116
59300,59350,10603,7971,10603,9129
59350,59400,10615,7979,10615,9141
59400,59450,10628,7986,10628,9154
59450,59500,10640,7994,10640,9166
59500,59550,10653,8001,10653,9179
59550,59600,10665,8009,10665,9191
59600,59650,10678,8016,10678,9204
59650,59700,10690,8024,10690,9216
59700,59750,10703,8031,10703,9229
59750,59800,10715,8039,10715,9241
59800,59850,10728,8046,10728,9254
59850,59900,10740,8054,10740,9266
59900,59950,10753,8061,10753,9279
59950,60000,10765,8069,10765,9291
60000,60050,10778,8076,10778,9304
60050,60100,10790,8084,10790,9316
60100,60150,10803,8091,10803,9329
60150,60200,10815,8099,10815,9341
60200,60250,10828,8106,10828,9354
60250,60300,10840,8114,10840,9366
60300,60350,10853,8121,10853,9379
60350,60400,10865,8129,10865,9391
60400,60450,10878,8136,10878,9404
60450,60500,10890,8144,10890,9416
60500,60550,10903,8151,10903,9429
60550,60600,10915,8159,10915,9441
60600,60650,10928,8166,10928,9454
60650,60700,10940,8174,10940,9466
60700,60750,10953,8181,10953,9479
60750,60800,10965,8189,10965,9491
60800,60850,10978,8196,10978,9504
60850,60900,10990,8204,10990,9516
60900,60950,11003,8211,11003,9529
60950,61000,11015,8219,11015,9541
61000,61050,11028,8226,11028,9554
61050,61100,11040,8234,11040,9566
61100,61150,11053,8241,11053,9579
61150,61200,11065,8249,11065,9591
61200,61250,11078,8256,11078,9604
61250,61300,11090,8264,11090,9616
61300,61350,11103,8271,11103,9629
61350,61400,11115,8279,11115,9641
61400,61450,11128,8286,11128,9654
61450,61500,11140,8294,11140,9666
61500,61550,11153,8301,11153,9679
61550,61600,11165,8309,11165,9691
61600,61650,11178,8316,11178,9704
61650,61700,11190,8324,11190,9716
61700,61750,11203,8331,11203,9729
61750,61800,11215,8339,11215,9741
61800,61850,11228,8346,11228,9754
61850,61900,11240,8354,11240,9766
61900,61950,11253,8361,11253,9779
61950,62000,11265,8369,11265,9791
62000,62050,11278,8376,11278,9804
62050,62100,11290,8384,11290,9816
62100,62150,11303,8391,11303,9829
62150,62200,11315,8399,11315,9841
62200,62250,11328,8406,11328,9854
62250,62300,11340,8414,11340,9866
62300,62350,11353,8421,11353,9879
62350,62400,11365,8429,11365,9891
62400,62450,11378,8436,11378,9904
62450,62500,11390,8444,11390,9916
62500,62550,11403,8451,11403,9929
62550,62600,11415,8459,11415,9941
62600,62650,11428,8466,11428,9954
62650,62700,11440,8474,11440,9966
62700,62750,11453,8481,11453,9979
62750,62800,11465,8489,11465,9991
62800,62850,11478,8496,11478,10004
62850,62900,11490,8504,11490,10016
62900,62950,11503,8511,11503,10029
62950,63000,11515,8519,11515,10041
63000,63050,11528,8526,11528,10054
63050,63100,11540,8534,11540,10066
63100,63150,11553,8541,11553,10079
63150,63200,11565,8549,11565,10091
63200,63250,11578,8556,11578,10104
63250,63300,11590,8564,11590,10116
63300,63350,11603,8571,11603,10129
63350,63400,11615,8579,11615,10141
63400,63450,11628,8586,11628,10154
63450,63500,11640,8594,11640,10166
63500,63550,11653,8601,11653,10179
63550,63600,11665,8609,11665,10191
63600,63650,11678,8616,11678,10204
63650,63700,11690,8624,11690,10216
63700,63750,11703,8631,11703,10229
63750,63800,11715,8639,11715,10241
63800,63850,11728,8646,11728,10254
63850,63900,11740,8654,11740,10266
63900,63950,11753,8661,11753,10279
63950,64000,11765,8669,11765,10291
64000,64050,11778,8676,11778,10304
64050,64100,11790,8684,11790,10316
64100,64150,11803,8691,11803,10329
64150,64200,11815,8699,11815,10341
64200,64250,11828,8706,11828,10354
64250,64300,11840,8714,11840,10366
64300,64350,11853,8721,11853,10379
64350,64400,11865,8729,11865,10391
64400,64450,11878,8736,11878,10404
64450,64500,11890,8744,11890,10416
64500,64550,11903,8751,11903,10429
64550,64600,11915,8759,11915,10441
64600,64650,11928,8766,11928,10454
64650,64700,11940,8774,11940,10466
64700,64750,11953,8781,11953,10479
64750,64800,11965,8789,11965,10491
64800,64850,11978,8796,11978,10504
64850,64900,11990,8804,11990,10516
64900,64950,12003,8811,12003,10529
64950,65000,12015,8819,12015,10541
65000,65050,12028,8826,12028,10554
65050,65100,12040,8834,12040,10566
65100,65150,12053,8841,12053,10579
65150,65200,12065,8849,12065,10591
65200,65250,12078,8856,12078,10604
65250,65300,12090,8864,12090,10616
65300,65350,12103,8871,12103,10629
65350,65400,12115,8879,12115,10641
65400,65450,12128,8886,12128,10654
65450,65500,12140,8894,12140,10666
65500,65550,12153,8901,12153,10679
65550,65600,12165,8909,12165,10691
65600,65650,12178,8916,12178,10704
65650,65700,12190,8924,12190,10716
65700,65750,12203,8931,12203,10729
65750,65800,12215,8939,12215,10741
65800,65850,12228,8946,12228,10754
65850,65900,12240,8954,12240,10766
65900,65950,12253,8961,12253,10779
65950,66000,12265,8969,12265,10791
66000,66050,12278,8976,12278,10804
66050,66100,12290,8984,12290,10816
66100,66150,12303,8991,12303,10829
66150,66200,12315,8999,12315,10841
66200,66250,12328,9006,12328,10854
66250,66300,12340,9014,12340,10866
66300,66350,12353,9021,12353,10879
66350,66400,12365,9029,12365,10891
66400,66450,12378,9036,12378,10904
66450,66500,12390,9044,12390,10916
66500,66550,12403,9051,12403,10929
66550,66600,12415,9059,12415,10941
66600,66650,12428,9066,12428,10954
66650,66700,12440,9074,12440,10966
66700,66750,12453,9081,12453,10979
66750,66800,12465,9089,12465,10991
66800,66850,12478,9096,12478,11004
66850,66900,12490,9104,12490,11016
66900,66950,12503,9111,12503,11029
66950,67000,12515,9119,12515,11041
67000,67050,12528,9126,12528,11054
67050,67100,12540,9134,12540,11066
67100,67150,12553,9141,12553,11079
67150,67200,12565,9149,12565,11091
67200,67250,12578,9156,12578,11104
67250,67300,12590,9164,12590,11116
67300,67350,12603,9171,12603,11129
67350,67400,12615,9179,12615,11141
67400,67450,12628,9186,12628,11154
67450,67500,12640,9194,12640,11166
67500,67550,12653,9201,12653,11179
67550,67600,12665,9209,12665,11191
67600,67650,12678,9216,12678,11204
67650,67700,12690,9224,12690,11216
67700,67750,12703,9231,12703,11229
67750,67800,12715,9239,12715,11241
67800,67850,12728,9246,12728,11254
67850,67900,12740,9254,12740,11266
67900,67950,12753,9261,12753,11279
67950,68000,12765,9269,12765,11291
68000,68050,12778,9276,12778,11304
68050,68100,12790,9284,12790,11316
68100,68150,12803,9291,12803,11329
68150,68200,12815,9299,12815,11341
68200,68250,12828,9306,12828,11354
68250,68300,12840,9314,12840,11366
68300,68350,12853,9321,12853,11379
68350,68400,12865,9329,12865,11391
68400,68450,12878,9336,12878,11404
68450,68500,12890,9344,12890,11416
68500,68550,12903,9351,12903,11429
68550,68600,12915,9359,12915,11441
68600,68650,12928,9366,12928,11454
68650,68700,12940,9374,12940,11466
68700,68750,12953,9381,12953,11479
68750,68800,12965,9389,12965,11491
68800,68850,12978,9396,12978,11504
68850,68900,12990,9404,12990,11516
68900,68950,13003,9411,13003,11529
68950,69000,13015,9419,13015,11541
69000,69050,13028,9426,13028,11554
69050,69100,13040,9434,13040,11566
69100,69150,13053,9441,13053,11579
69150,69200,13065,9449,13065,11591
69200,69250,13078,9456,13078,11604
69250,69300,13090,9464,13090,11616
69300,69350,13103,9471,13103,11629
69350,69400,13115,9479,13115,11641
69400,69450,13128,9486,13128,11654
69450,69500,13140,9494,13140,11666
69500,69550,13153,9501,13153,11679
69550,69600,13165,9509,13165,11691
69600,69650,13178,9516,13178,11704
69650,69700,13190,9524,13190,11716
69700,69750,13203,9531,13203,11729
69750,69800,13215,9539,13215,11741
69800,69850,13228,9546,13228,11754
69850,69900,13240,9554,13240,11766
69900,69950,13253,9561,13253,11779
69950,70000,13265,9569,13265,11791
70000,70050,13278,9576,13278,11804
70050,70100,13290,9584,13290,11816
70100,70150,13303,9591,13303,11829
70150,70200,13315,9599,13315,11841
70200,70250,13328,9606,13328,11854
70250,70300,13340,9614,13340,11866
70300,70350,13353,9621,13353,11879
70350,70400,13365,9629,13365,11891
70400,70450,13378,9636,13378,11904
70450,70500,13390,9644,13390,11916
70500,70550,13403,9651,13403,11929
70550,70600,13415,9659,13415,11941
70600,70650,13428,9666,13428,11954
70650,70700,13440,9674,13440,11966
70700,70750,13453,9681,13453,11979
70750,70800,13465,9689,13465,11991
70800,70850,13478,9696,13478,12004
70850,70900,13490,9704,13490,12016
70900,70950,13503,9711,13503,12029
70950,71000,13515,9719,13515,12041
71000,71050,13528,9726,13528,12054
71050,71100,13540,9734,13540,12066
71100,71150,13553,9741,13553,12079
71150,71200,13565,9749,13565,12091
71200,71250,13578,9756,13578,12104
71250,71300,13590,9764,13590,12116
71300,71350,13603,9771,13603,12129
71350,71400,13615,9779,13615,12141
71400,71450,13628,9786,13628,12154
71450,71500,13640,9794,13640,12166
71500,71550,13653,9801,13653,12179
71550,71600,13665,9809,13665,12191
71600,71650,13678,9816,13678,12204
71650,71700,13690,9824,13690,12216
71700,71750,13703,9831,13703,12229
71750,71800,13715,9839,13715,12241
71800,71850,13728,9846,13728,12254
71850,71900,13740,9854,13740,12266
71900,71950,13753,9861,13753,12279
71950,72000,13765,9869,13765,12291
72000,72050,13778,9876,13778,12304
72050,72100,13790,9884,13790,12316
72100,72150,13803,9891,13803,12329
72150,72200,13815,9899,13815,12341
72200,72250,13828,9906,13828,12354
72250,72300,13840,9914,13840,12366
72300,72350,13853,9921,13853,12379
72350,72400,13865,9929,13865,12391
72400,72450,13878,9936,13878,12404
72450,72500,13890,9944,13890,12416
72500,72550,13903,9951,13903,12429
72550,72600,13915,9959,13915,12441
72600,72650,13928,9966,13928,12454
72650,72700,13940,9974,13940,12466
72700,72750,13953,9981,13953,12479
72750,72800,13965,9989,13965,12491
72800,72850,13978,9996,13978,12504
72850,72900,13990,10004,13990,12516
72900,72950,14003,10011,14003,12529
72950,73000,14015,10019,14015,12541
73000,73050,14028,10026,14028,12554
73050,73100,14040,10034,14040,12566
73100,73150,14053,10041,14053,12579
73150,73200,14065,10049,14065,12591
73200,73250,14078,10056,14078,12604
73250,73300,14090,10064,14090,12616
73300,73350,14103,10071,14103,12629
73350,73400,14115,10079,14115,12641
73400,73450,14128,10086,14128,12654
73450,73500,14140,10094,14140,12666
73500,73550,14153,10101,14153,12679
73550,73600,14165,10109,14165,12691
73600,73650,14178,10116,14178,12704
73650,73700,14190,10124,14190,12716
73700,73750,14203,10131,14203,12729
73750,73800,14215,10139,14215,12741
73800,73850,14228,10146,14228,12754
73850,73900,14240,10154,14240,12766
73900,73950,14253,10161,14253,12779
73950,74000,14265,10169,14265,12791
74000,74050,14278,10176,14278,12804
74050,74100,14290,10184,14290,12816
74100,74150,14303,10191,14303,12829
74150,74200,14315,10199,14315,12841
74200,74250,14328,10206,14328,12854
74250,74300,14340,10214,14340,12866
74300,74350,14353,10221,14353,12879
74350,74400,14365,10229,14365,12891
74400,74450,14378,10236,14378,12904
74450,74500,14390,10244,14390,12916
74500,74550,14403,10251,14403,12929
74550,74600,14415,10259,14415,12941
74600,74650,14428,10266,14428,12954
74650,74700,14440,10274,14440,12966
74700,74750,14453,10281,14453,12979
74750,74800,14465,10289,14465,12991
74800,74850,14478,10296,14478,13004
74850,74900,14490,10304,14490,13016
74900,74950,14503,10311,14503,13029
74950,75000,14515,10319,14515,13041
75000,75050,14528,10326,14528,13054
75050,75100,14540,10334,14540,13066
75100,75150,14553,10341,14553,13079
75150,75200,14565,10349,14565,13091
75200,75250,14578,10356,14578,13104
75250,75300,14590,10364,14590,13116
75300,75350,14603,10374,14603,13129
75350,75400,14615,10386,14615,13141
75400,75450,14628,10399,14628,13154
75450,75500,14640,10411,14640,13166
75500,75550,14653,10424,14653,13179
75550,75600,14665,10436,14665,13191
75600,75650,14678,10449,14678,13204
75650,75700,14690,10461,14690,13216
75700,75750,14703,10474,14703,13229
75750,75800,14715,10486,14715,13241
75800,75850,14728,10499,14728,13254
75850,75900,14740,10511,14740,13266
75900,75950,14753,10524,14753,13279
75950,76000,14765,10536,14766,13291
76000,76050,14778,10549,14780,13304
76050,76100,14790,10561,14794,13316
76100,76150,14803,10574,14808,13329
76150,76200,14815,10586,14822,13341
76200,76250,14828,10599,14836,13354
76250,76300,14840,10611,14850,13366
76300,76350,14853,10624,14864,13379
76350,76400,14865,10636,14878,13391
76400,76450,14878,10649,14892,13404
76450,76500,14890,10661,14906,13416
76500,76550,14903,10674,14920,13429
76550,76600,14915,10686,14934,13441
76600,76650,14928,10699,14948,13454
76650,76700,14940,10711,14962,13466
76700,76750,14953,10724,14976,13479
76750,76800,14965,10736,14990,13491
76800,76850,14978,10749,15004,13504
76850,76900,14990,10761,15018,13516
76900,76950,15003,10774,15032,13529
76950,77000,15015,10786,15046,13541
77000,77050,15028,10799,15060,13554
77050,77100,15040,10811,15074,13566
77100,77150,15053,10824,15088,13579
77150,77200,15065,10836,15102,13591
77200,77250,15078,10849,15116,13604
77250,77300,15090,10861,15130,13616
77300,77350,15103,10874,15144,13629
77350,77400,15115,10886,15158,13641
77400,77450,15128,10899,15172,13654
77450,77500,15140,10911,15186,13666
77500,77550,15153,10924,15200,13679
77550,77600,15165,10936,15214,13691
77600,77650,15178,10949,15228,13704
77650,77700,15190,10961,15242,13716
77700,77750,15203,10974,15256,13729
77750,77800,15215,10986,15270,13741
77800,77850,15228,10999,15284,13754
77850,77900,15240,11011,15298,13766
77900,77950,15253,11024,15312,13779
77950,78000,15265,11036,15326,13791
78000,78050,15278,11049,15340,13804
78050,78100,15290,11061,15354,13816
78100,78150,15303,11074,15368,13829
78150,78200,15315,11086,15382,13841
78200,78250,15328,11099,15396,13854
78250,78300,15340,11111,15410,13866
78300,78350,15353,11124,15424,13879
78350,78400,15365,11136,15438,13891
78400,78450,15378,11149,15452,13904
78450,78500,15390,11161,15466,13916
78500,78550,15403,11174,15480,13929
78550,78600,15415,11186,15494,13941
78600,78650,15428,11199,15508,13954
78650,78700,15440,11211,15522,13966
78700,78750,15453,11224,15536,13979
78750,78800,15465,11236,15550,13991
78800,78850,15478,11249,15564,14004
78850,78900,15490,11261,15578,14016
78900,78950,15503,11274,15592,14029
78950,79000,15515,11286,15606,14041
79000,79050,15528,11299,15620,14054
79050,79100,15540,11311,15634,14066
79100,79150,15553,11324,15648,14079
79150,79200,15565,11336,15662,14091
79200,79250,15578,11349,15676,14104
79250,79300,15590,11361,15690,14116
79300,79350,15603,11374,15704,14129
79350,79400,15615,11386,15718,14141
79400,79450,15628,11399,15732,14154
79450,79500,15640,11411,15746,14166
79500,79550,15653,11424,15760,14179
79550,79600,15665,11436,15774,14191
79600,79650,15678,11449,15788,14204
79650,79700,15690,11461,15802,14216
79700,79750,15703,11474,15816,14229
79750,79800,15715,11486,15830,14241
79800,79850,15728,11499,15844,14254
79850,79900,15740,11511,15858,14266
79900,79950,15753,11524,15872,14279
79950,80000,15765,11536,15886,14291
80000,80050,15778,11549,15900,14304
80050,80100,15790,11561,15914,14316
80100,80150,15803,11574,15928,14329
80150,80200,15815,11586,15942,14341
80200,80250,15828,11599,15956,14354
80250,80300,15840,11611,15970,14366
80300,80350,15853,11624,15984,14379
80350,80400,15865,11636,15998,14391
80400,80450,15878,11649,16012,14404
80450,80500,15890,11661,16026,14416
80500,80550,15903,11674,16040,14429
80550,80600,15915,11686,16054,14441
80600,80650,15928,11699,16068,14454
80650,80700,15940,11711,16082,14466
80700,80750,15953,11724,16096,14479
80750,80800,15965,11736,16110,14491
80800,80850,15978,11749,16124,14504
80850,80900,15990,11761,16138,14516
80900,80950,16003,11774,16152,14529
80950,81000,16015,11786,16166,14541
81000,81050,16028,11799,16180,14554
81050,81100,16040,11811,16194,14566
81100,81150,16053,11824,16208,14579
81150,81200,16065,11836,16222,14591
81200,81250,16078,11849,16236,14604
81250,81300,16090,11861,16250,14616
81300,81350,16103,11874,16264,14629
81350,81400,16115,11886,16278,14641
81400,81450,16128,11899,16292,14654
81450,81500,16140,11911,16306,14666
81500,81550,16153,11924,16320,14679
81550,81600,16165,11936,16334,14691
81600,81650,16178,11949,16348,14704
81650,81700,16190,11961,16362,14716
81700,81750,16203,11974,16376,14729
81750,81800,16215,11986,16390,14741
81800,81850,16228,11999,16404,14754
81850,81900,16240,12011,16418,14766
81900,81950,16253,12024,16432,14779
81950,82000,16265,12036,16446,14791
82000,82050,16278,12049,16460,14804
82050,82100,16290,12061,16474,14816
82100,82150,16303,12074,16488,14829
82150,82200,16315,12086,16502,14841
82200,82250,16328,12099,16516,14854
82250,82300,16340,12111,16530,14866
82300,82350,16353,12124,16544,14879
82350,82400,16365,12136,16558,14891
82400,82450,16378,12149,16572,14904
82450,82500,16390,12161,16586,14916
82500,82550,16403,12174,16600,14929
82550,82600,16415,12186,16614,14941
82600,82650,16428,12199,16628,14954
82650,82700,16440,12211,16642,14966
82700,82750,16453,12224,16656,14979
82750,82800,16465,12236,16670,14991
82800,82850,16478,12249,16684,15004
82850,82900,16490,12261,16698,15016
82900,82950,16503,12274,16712,15029
82950,83000,16515,12286,16726,15041
83000,83050,16528,12299,16740,15054
83050,83100,16540,12311,16754,15066
83100,83150,16553,12324,16768,15079
83150,83200,16565,12336,16782,15091
83200,83250,16578,12349,16796,15104
83250,83300,16590,12361,16810,15116
83300,83350,16603,12374,16824,15129
83350,83400,16615,12386,16838,15141
83400,83450,16628,12399,16852,15154
83450,83500,16640,12411,16866,15166
83500,83550,16653,12424,16880,15179
83550,83600,16665,12436,16894,15191
83600,83650,16678,12449,16908,15204
83650,83700,16690,12461,16922,15216
83700,83750,16703,12474,16936,15229
83750,83800,16715,12486,16950,15241
83800,83850,16728,12499,16964,15254
83850,83900,16740,12511,16978,15266
83900,83950,16753,12524,16992,15279
83950,84000,16765,12536,17006,15291
84000,84050,16778,12549,17020,15304
84050,84100,16790,12561,17034,15316
84100,84150,16803,12574,17048,15329
84150,84200,16815,12586,17062,15341
84200,84250,16828,12599,17076,15354
84250,84300,16840,12611,17090,15366
84300,84350,16853,12624,17104,15379
84350,84400,16865,12636,17118,15391
84400,84450,16878,12649,17132,15404
84450,84500,16890,12661,17146,15416
84500,84550,16903,12674,17160,15429
84550,84600,16915,12686,17174,15441
84600,84650,16928,12699,17188,15454
84650,84700,16940,12711,17202,15466
84700,84750,16953,12724,17216,15479
84750,84800,16965,12736,17230,15491
84800,84850,16978,12749,17244,15504
84850,84900,16990,12761,17258,15516
84900,84950,17003,12774,17272,15529
84950,85000,17015,12786,17286,15541
85000,85050,17028,12799,17300,15554
85050,85100,17040,12811,17314,15566
85100,85150,17053,12824,17328,15579
85150,85200,17065,12836,17342,15591
85200,85250,17078,12849,17356,15604
85250,85300,17090,12861,17370,15616
85300,85350,17103,12874,17384,15629
85350,85400,17115,12886,17398,15641
85400,85450,17128,12899,17412,15654
85450,85500,17140,12911,17426,15666
85500,85550,17153,12924,17440,15679
85550,85600,17165,12936,17454,15691
85600,85650,17178,12949,17468,15704
85650,85700,17190,12961,17482,15716
85700,85750,17203,12974,17496,15729
85750,85800,17215,12986,17510,15741
85800,85850,17228,12999,17524,15754
85850,85900,17240,13011,17538,15766
85900,85950,17253,13024,17552,15779
85950,86000,17265,13036,17566,15791
86000,86050,17278,13049,17580,15804
86050,86100,17290,13061,17594,15816
86100,86150,17303,13074,17608,15829
86150,86200,17315,13086,17622,15841
86200,86250,17328,13099,17636,15854
86250,86300,17340,13111,17650,15866
86300,86350,17353,13124,17664,15879
86350,86400,17365,13136,17678,15891
86400,86450,17378,13149,17692,15904
86450,86500,17390,13161,17706,15916
86500,86550,17403,13174,17720,15929
86550,86600,17415,13186,17734,15941
86600,86650,17428,13199,17748,15954
86650,86700,17440,13211,17762,15966
86700,86750,17453,13224,17776,15979
86750,86800,17465,13236,17790,15991
86800,86850,17478,13249,17804,16004
86850,86900,17490,13261,17818,16016
86900,86950,17503,13274,17832,16029
86950,87000,17515,13286,17846,16041
87000,87050,17528,13299,17860,16054
87050,87100,17540,13311,17874,16066
87100,87150,17553,13324,17888,16079
87150,87200,17565,13336,17902,16091
87200,87250,17578,13349,17916,16104
87250,87300,17590,13361,17930,16116
87300,87350,17603,13374,17944,16129
87350,87400,17615,13386,17958,16141
87400,87450,17628,13399,17972,16154
87450,87500,17640,13411,17986,16166
87500,87550,17653,13424,18000,16179
87550,87600,17665,13436,18014,16191
87600,87650,17678,13449,18028,16204
87650,87700,17690,13461,18042,16216
87700,87750,17703,13474,18056,16229
87750,87800,17715,13486,18070,16241
87800,87850,17728,13499,18084,16254
87850,87900,17740,13511,18098,16266
87900,87950,17753,13524,18112,16279
87950,88000,17765,13536,18126,16291
88000,88050,17778,13549,18140,16304
88050,88100,17790,13561,18154,16316
88100,88150,17803,13574,18168,16329
88150,88200,17815,13586,18182,16341
88200,88250,17828,13599,18196,16354
88250,88300,17840,13611,18210,16366
88300,88350,17853,13624,18224,16379
88350,88400,17865,13636,18238,16391
88400,88450,17878,13649,18252,16404
88450,88500,17890,13661,18266,16416
88500,88550,17903,13674,18280,16429
88550,88600,17915,13686,18294,16441
88600,88650,17928,13699,18308,16454
88650,88700,17940,13711,18322,16466
88700,88750,17953,13724,18336,16479
88750,88800,17965,13736,18350,16491
88800,88850,17978,13749,18364,16504
88850,88900,17990,13761,18378,16516
88900,88950,18003,13774,18392,16529
88950,89000,18015,13786,18406,16541
89000,89050,18028,13799,18420,16554
89050,89100,18040,13811,18434,16566
89100,89150,18053,13824,18448,16579
89150,89200,18065,13836,18462,16591
89200,89250,18078,13849,18476,16604
89250,89300,18090,13861,18490,16616
89300,89350,18103,13874,18504,16629
89350,89400,18115,13886,18518,16641
89400,89450,18128,13899,18532,16654
89450,89500,18140,13911,18546,16666
89500,89550,18153,13924,18560,16679
89550,89600,18165,13936,18574,16691
89600,89650,18178,13949,18588,16704
89650,89700,18190,13961,18602,16716
89700,89750,18203,13974,18616,16729
89750,89800,18215,13986,18630,16741
89800,89850,18228,13999,18644,16754
89850,89900,18240,14011,18658,16766
89900,89950,18253,14024,18672,16779
89950,90000,18265,14036,18686,16791
90000,90050,18278,14049,18700,16804
90050,90100,18290,14061,18714,16816
90100,90150,18303,14074,18728,16829
90150,90200,18315,14086,18742,16841
90200,90250,18328,14099,18756,16854
90250,90300,18340,14111,18770,16866
90300,90350,18353,14124,18784,16879
90350,90400,18365,14136,18798,16891
90400,90450,18378,14149,18812,16904
90450,90500,18390,14161,18826,16916
90500,90550,18403,14174,18840,16929
90550,90600,18415,14186,18854,16941
90600,90650,18428,14199,18868,16954
90650,90700,18440,14211,18882,16966
90700,90750,18453,14224,18896,16979
90750,90800,18465,14236,18910,16991
90800,90850,18478,14249,18924,17004
90850,90900,18490,14261,18938,17016
90900,90950,18503,14274,18952,17029
90950,91000,18515,14286,18966,17041
91000,91050,18528,14299,18980,17054
91050,91100,18540,14311,18994,17066
91100,91150,18553,14324,19008,17079
91150,91200,18566,14336,19022,17091
91200,91250,18580,14349,19036,17104
91250,91300,18594,14361,19050,17116
91300,91350,18608,14374,19064,17129
91350,91400,18622,14386,19078,17141
91400,91450,18636,14399,19092,17154
91450,91500,18650,14411,19106,17166
91500,91550,18664,14424,19120,17179
91550,91600,18678,14436,19134,17191
91600,91650,18692,14449,19148,17204
91650,91700,18706,14461,19162,17216
91700,91750,18720,14474,19176,17229
91750,91800,18734,14486,19190,17241
91800,91850,18748,14499,19204,17254
91850,91900,18762,14511,19218,17266
91900,91950,18776,14524,19232,17279
91950,92000,18790,14536,19246,17291
92000,92050,18804,14549,19260,17304
92050,92100,18818,14561,19274,17316
92100,92150,18832,14574,19288,17329
92150,92200,18846,14586,19302,17341
92200,92250,18860,14599,19316,17354
92250,92300,18874,14611,19330,17366
92300,92350,18888,14624,19344,17379
92350,92400,18902,14636,19358,17391
92400,92450,18916,14649,19372,17404
92450,92500,18930,14661,19386,17416
92500,92550,18944,14674,19400,17429
92550,92600,18958,14686,19414,17441
92600,92650,18972,14699,19428,17454
92650,92700,18986,14711,19442,17466
92700,92750,19000,14724,19456,17479
92750,92800,19014,14736,19470,17491
92800,92850,19028,14749,19484,17504
92850,92900,19042,14761,19498,17516
92900,92950,19056,14774,19512,17529
92950,93000,19070,14786,19526,17541
93000,93050,19084,14799,19540,17554
93050,93100,19098,14811,19554,17566
93100,93150,19112,14824,19568,17579
93150,93200,19126,14836,19582,17591
93200,93250,19140,14849,19596,17604
93250,93300,19154,14861,19610,17616
93300,93350,19168,14874,19624,17629
93350,93400,19182,14886,19638,17641
93400,93450,19196,14899,19652,17654
93450,93500,19210,14911,19666,17666
93500,93550,19224,14924,19680,17679
93550,93600,19238,14936,19694,17691
93600,93650,19252,14949,19708,17704
93650,93700,19266,14961,19722,17716
93700,93750,19280,14974,19736,17729
93750,93800,19294,14986,19750,17741
93800,93850,19308,14999,19764,17754
93850,93900,19322,15011,19778,17766
93900,93950,19336,15024,19792,17779
93950,94000,19350,15036,19806,17791
94000,94050,19364,15049,19820,17804
94050,94100,19378,15061,19834,17816
94100,94150,19392,15074,19848,17829
94150,94200,19406,15086,19862,17841
94200,94250,19420,15099,19876,17854
94250,94300,19434,15111,19890,17866
94300,94350,19448,15124,19904,17879
94350,94400,19462,15136,19918,17891
94400,94450,19476,15149,19932,17904
94450,94500,19490,15161,19946,17916
94500,94550,19504,15174,19960,17929
94550,94600,19518,15186,19974,17941
94600,94650,19532,15199,19988,17954
94650,94700,19546,15211,20002,17966
94700,94750,19560,15224,20016,17979
94750,94800,19574,15236,20030,17991
94800,94850,19588,15249,20044,18004
94850,94900,19602,15261,20058,18016
94900,94950,19616,15274,20072,18029
94950,95000,19630,15286,20086,18041
95000,95050,19644,15299,20100,18054
95050,95100,19658,15311,20114,18066
95100,95150,19672,15324,20128,18079
95150,95200,19686,15336,20142,18091
95200,95250,19700,15349,20156,18104
95250,95300,19714,15361,20170,18116
95300,95350,19728,15374,20184,18129
95350,95400,19742,15386,20198,18141
95400,95450,19756,15399,20212,18154
95450,95500,19770,15411,20226,18166
95500,95550,19784,15424,20240,18179
95550,95600,19798,15436,20254,18191
95600,95650,19812,15449,20268,18204
95650,95700,19826,15461,20282,18216
95700,95750,19840,15474,20296,18229
95750,95800,19854,15486,20310,18241
95800,95850,19868,15499,20324,18254
95850,95900,19882,15511,20338,18266
95900,95950,19896,15524,20352,18279
95950,96000,19910,15536,20366,18291
96000,96050,19924,15549,20380,18304
96050,96100,19938,15561,20394,18316
96100,96150,19952,15574,20408,18329
96150,96200,19966,15586,20422,18341
96200,96250,19980,15599,20436,18354
96250,96300,19994,15611,20450,18366
96300,96350,20008,15624,20464,18379
96350,96400,20022,15636,20478,18391
96400,96450,20036,15649,20492,18404
96450,96500,20050,15661,20506,18416
96500,96550,20064,15674,20520,18429
96550,96600,20078,15686,20534,18441
96600,96650,20092,15699,20548,18454
96650,96700,20106,15711,20562,18466
96700,96750,20120,15724,20576,18479
96750,96800,20134,15736,20590,18491
96800,96850,20148,15749,20604,18504
96850,96900,20162,15761,20618,18516
96900,96950,20176,15774,20632,18529
96950,97000,20190,15786,20646,18541
97000,97050,20204,15799,20660,18554
97050,97100,20218,15811,20674,18566
97100,97150,20232,15824,20688,18579
97150,97200,20246,15836,20702,18591
97200,97250,20260,15849,20716,18604
97250,97300,20274,15861,20730,18616
97300,97350,20288,15874,20744,18629
97350,97400,20302,15886,20758,18641
97400,97450,20316,15899,20772,18654
97450,97500,20330,15911,20786,18666
97500,97550,20344,15924,20800,18679
97550,97600,20358,15936,20814,18691
97600,97650,20372,15949,20828,18704
97650,97700,20386,15961,20842,18716
97700,97750,20400,15974,20856,18729
97750,97800,20414,15986,20870,18741
97800,97850,20428,15999,20884,18754
97850,97900,20442,16011,20898,18766
97900,97950,20456,16024,20912,18779
97950,98000,20470,16036,20926,18791
98000,98050,20484,16049,20940,18804
98050,98100,20498,16061,20954,18816
98100,98150,20512,16074,20968,18829
98150,98200,20526,16086,20982,18841
98200,98250,20540,16099,20996,18854
98250,98300,20554,16111,21010,18866
98300,98350,20568,16124,21024,18879
98350,98400,20582,16136,21038,18891
98400,98450,20596,16149,21052,18904
98450,98500,20610,16161,21066,18916
98500,98550,20624,16174,21080,18929
98550,98600,20638,16186,21094,18941
98600,98650,20652,16199,21108,18954
98650,98700,20666,16211,21122,18966
98700,98750,20680,16224,21136,18979
98750,98800,20694,16236,21150,18991
98800,98850,20708,16249,21164,19004
98850,98900,20722,16261,21178,19016
98900,98950,20736,16274,21192,19029
98950,99000,20750,16286,21206,19041
99000,99050,20764,16299,21220,19054
99050,99100,20778,16311,21234,19066
99100,99150,20792,16324,21248,19079
99150,99200,20806,16336,21262,19091
99200,99250,20820,16349,21276,19104
99250,99300,20834,16361,21290,19116
99300,99350,20848,16374,21304,19129
99350,99400,20862,16386,21318,19141
99400,99450,20876,16399,21332,19154
99450,99500,20890,16411,21346,19166
99500,99550,20904,16424,21360,19179
99550,99600,20918,16436,21374,19191
99600,99650,20932,16449,21388,19204
99650,99700,20946,16461,21402,19216
99700,99750,20960,16474,21416,19229
99750,99800,20974,16486,21430,19241
99800,99850,20988,16499,21444,19254
99850,99900,21002,16511,21458,19266
99900,99950,21016,16524,21472,19279
99950,100000,21030,16536,21486,19291
